"Qty";"Value";"Device";"Package";"Parts";"Description";"AVAILABILITY";"DESCRIPTION";"MF";"MP";"MPN";"OC_FARNELL";"OC_NEWARK";"PACKAGE";"POPULARITY";"PRICE";"SPICEPREFIX";
"4";"";"LED5MM";"LED5MM";"LED1, LED2, LED3, LED4";"LED";"";"";"";"";"";"";"";"";"93";"";"";
"2";"100nF";"C-EU025-024X044";"C025-024X044";"C1, C2";"CAPACITOR, European symbol";"";"";"";"";"";"";"";"";"56";"";"C";
"1";"10k";"TRIM_EU-CA6V";"CA6V";"R2";"POTENTIOMETER";"";"";"";"";"";"";"";"";"10";"";"";
"4";"150";"R-EU_0204/7";"0204/7";"R3, R4, R5, R6";"RESISTOR, European symbol";"";"";"";"";"";"";"";"";"79";"";"R";
"1";"1k";"R-EU_0204/7";"0204/7";"R1";"RESISTOR, European symbol";"";"";"";"";"";"";"";"";"79";"";"R";
"1";"KF301-2P";"KF301-2P";"HANDSON_KF301-2P";"J1";"2 Pin Terminal Block 5mm Pitch Check prices";"Not in stock";" 2 Pin Terminal Block 5mm Pitch ";"Handson Technology";"KF301-2P";"";"";"";"Package ";"";"None";"";
"1";"NE555";"NE555";"DIL-08";"IC1";"General purpose bipolar Timer";"";"";"Arrow Electronics";"";"NE555N";"1467742";"89K1486";"";"24";"";"";
